Filename,Exp_Density (g/cm³),Exp_a (Å),Exp_b (Å),Exp_c (Å),Exp_alpha (°),Exp_beta (°),Exp_gamma (°),Sim_Density (g/cm³),Sim_a (Å),Sim_b (Å),Sim_c (Å),Sim_alpha (°),Sim_beta (°),Sim_gamma (°)
0_Cadmoselite_298.00_1.01_,5.665046118050508,12.897000000000002,12.897,14.02,90.0,90.0,120.0,5.226294903539143,13.248266842936802,13.248266842936864,14.401853232377562,90.0,90.0,120.0
0_Pseudowollastonite_298.00_1.01_,2.9047847343620443,6.8394,11.8704,19.6313,90.0,90.667,90.0,2.7875001526260075,6.934014369256118,12.034611832736426,19.90287397829889,90.0,90.66700000000316,90.0
0_Magnesite_298.00_1.01_,3.0094379872792185,9.266,4.633,15.016,90.0,90.0,120.0,2.861032113687749,9.42352494064464,4.711762470322302,15.271276765456555,90.0,90.0,120.0
0_Barroisite_298.00_1.01_,3.0556613048968315,9.9,18.04,5.33,90.0,106.75,90.0,3.067793596193521,9.886946506161708,18.016213633450462,5.322972209883062,90.0,106.75,90.0
0_Gottlobite_298.00_1.01_,3.2255836530326105,7.51,9.004,11.896,90.0,90.0,90.0,2.7648261196280246,7.906513215363759,9.479393474185787,12.52408538082112,90.0,90.0,90.0
0_Belovite-(La)_298.00_1.01_,4.16559143052028,9.6641,9.6641,14.365,90.0,90.0,120.0,3.980188303468933,9.81189820987111,9.81189820987104,14.58469156825758,90.0,90.0,120.0
0_Hanjiangite_298.00_1.01_,3.7846850454997982,5.205,9.033,32.077,90.0,93.49,90.0,3.4590154065461447,5.36352003459997,9.308103068691947,33.053915878935655,90.0,93.48999999999394,90.0
0_Chabourneite_298.00_1.01_,4.879456726951859,16.32,21.318,8.543,83.98000000000002,89.05999999999999,83.2,4.288283155105964,17.038239951331438,22.25620093642653,8.918975729425414,83.97999999999585,89.0599999999979,83.20000000000732
0_Pucherite_298.00_1.01_,6.634358133290664,10.664,10.12,12.02,90.0,90.0,90.0,6.394832256774055,10.79587923647483,10.245151713533923,12.168648576746913,90.0,90.0,90.0
0_Iron_298.00_0.99_,7.878342009947903,8.598,8.598,8.598,90.0,90.0,90.0,7.9542709833498835,8.570557262158763,8.570557262158763,8.570557262158763,90.0,90.0,90.0
0_Cookeite_298.00_1.01_,2.65679347349226,5.158,8.94,28.498,90.0,96.6,90.0,2.554236680338452,5.226138391337786,9.0580994995269,28.874465272653246,90.0,96.59999999999158,90.0
0_Maleevite_298.00_1.01_,3.788351119406271,8.141,8.176,9.038,90.0,90.0,90.0,3.595708371669499,8.283883251584399,8.319497538994415,9.196626560351302,90.0,90.0,90.0
0_Hellandite-(Y)_298.00_1.01_,3.5068096499090884,18.99,4.715,10.3,90.0,111.4,90.0,3.391145788904561,19.20355336576969,4.768022860432046,10.415829366373194,90.0,111.4000000000104,90.0
0_Khibinskite_298.00_1.01_,3.289331077965214,9.54,14.26,11.2,90.0,90.0,116.517,3.161900505948597,9.666497847706722,14.449083784937034,11.348509003597206,90.0,90.0,116.51699999999502
0_Tellurium_298.00_1.01_,6.243167249047064,13.368000000000002,13.368,11.842,90.0,90.0,120.0,5.793557203162496,13.705536263624426,13.705536263624536,12.141005418450035,90.0,90.0,119.99999999999996
0_Krinovite_298.00_1.01_,3.437362525899493,10.238,10.642,8.77,105.15,96.5,125.14999999999998,3.278348143303946,10.400941244678712,10.81137104179243,8.909577526453802,105.1500000000096,96.5,125.1500000000118
0_Uricite_298.00_1.01_,1.8519598678344835,14.464,7.403,6.208,90.0,65.1,90.0,1.6945604193549273,14.89900318929691,7.625644400605968,6.394704908680472,90.0,65.09999999999877,90.0
0_Rosenbergite_298.00_1.01_,2.2953139780035707,7.715,7.715,7.296,90.0,90.0,90.0,1.0411755708570691,10.049460246501472,10.049460246501472,9.503676209782906,90.0,90.0,90.0
0_Pertoldite_298.00_1.01_,4.281606534726571,9.974,9.974,11.304,90.0,90.0,120.0,4.010148927600569,10.194179734420558,10.194179734420436,11.553539975725815,90.0,90.0,120.0
0_Lotharmeyerite_298.00_1.01_,4.284849790676854,9.0727,12.506,7.415,90.0,116.739,90.0,3.9288366677632554,9.338886411177745,12.872916933017724,7.632550700329926,90.0,116.7389999999954,90.0
0_Herderite_298.00_1.01_,3.0396509891222823,9.7446,7.6769,9.5266,90.0,90.667,90.0,2.9128550574242205,9.884003744104009,7.786723759118967,9.662885092110512,90.0,90.66700000000316,90.0
0_Harmunite_298.00_1.01_,4.818081529770859,9.2183,6.035,10.6934,90.0,90.0,90.0,4.579485803958974,9.3756965144832,6.138043724429258,10.875982893589551,90.0,90.0,90.0
0_Ferro-axinite_298.00_1.01_,3.335406773530164,7.1437,9.1898,8.9529,91.857,98.188,77.359,3.1926902863063336,7.248613583087162,9.324762952791074,9.08438379943458,91.85700000000546,98.188000000009,77.35899999999704
0_Paseroite_298.00_1.01_,4.843589636529011,10.3894,10.3894,20.8709,90.0,90.0,120.0,4.702661620636395,10.49216881789557,10.492168817895736,21.07734866127193,90.0,90.0,120.0
0_Cinnabar_298.00_1.01_,8.17089821346406,12.45,12.45,9.51,90.0,90.0,120.0,6.976517322247973,13.124097693942456,13.12409769394245,10.024913178264535,90.0,90.0,120.0
0_Plutonium_593.15_1.01_,16.2593020667004,13.910999999999998,13.910999999999998,9.274,90.0,90.0,90.0,13.402361993277191,14.836704503326434,14.836704503326434,9.891136335551048,90.0,90.0,90.0
0_Alfredopetrovite_298.00_1.01_,2.500525358134124,8.808,8.817999999999998,10.721,90.0,90.0,120.0,2.351332164862586,8.990556447277005,9.00076370936528,10.943205684747584,90.0,90.0,120.0
0_Grigorievite_298.00_1.01_,3.837367128738966,8.0217,9.6858,13.095,103.645,102.369,106.281,3.699039706314988,8.120488660018603,9.805082347034707,13.256267250451009,103.64500000000687,102.36900000000516,106.28100000000548
0_Apophyllite-(KF)_298.00_1.01_,2.5691369253440643,8.9639,8.9639,15.754,90.0,90.0,90.0,2.0891593629788368,9.603985052359748,9.603985052359748,16.878945605693218,90.0,90.0,90.0
0_Potassic-ferri-ferrorichterite_298.00_1.01_,3.4218826949493093,10.1448,18.1841,5.2962,90.0,104.41500000000002,90.0,3.2436567005658725,10.32732161232902,18.51126182189448,5.391487335700772,90.0,104.4149999999909,90.0
0_Ferritaramite_298.00_1.01_,3.781496618828898,9.923,18.134,5.352,90.0,104.84,90.0,0.0007564631022705,2271.4766013413864,4151.058821800282,1225.1277607960292,90.0,104.84000000001129,90.0
0_Dickite_298.00_1.01_,2.5594406049995686,5.15,8.94,14.736,90.0,103.58,90.0,2.271606413384116,5.359309713336202,9.303345405286526,15.334910278781177,90.0,103.5800000000052,90.0
0_Weberite_298.00_1.01_,4.660364929321644,7.051,9.968,7.285,90.0,90.0,90.0,0.5178174408120805,15.375497234725326,21.736343275527148,15.885760509853268,90.0,90.0,90.0
0_Melanotekite_298.00_1.01_,9.768593704563912,6.9788,11.0164,10.0881,90.0,90.0,90.0,5.985437683139259,8.217578135625091,12.971875934731054,11.878797212987855,90.0,90.0,90.0
0_Szenicsite_298.00_1.01_,4.279023638379735,8.5201,12.545,6.0794,90.0,90.0,90.0,3.974470181981396,8.732459787119405,12.85767866919548,6.230926401076678,90.0,90.0,90.0
0_Corundum_298.00_1.01_,3.984097930635081,9.5204,4.7602,12.9933,90.0,90.0,120.0,3.839830202679603,9.63817026633885,4.81908513316946,13.154031103905403,90.0,90.0,120.0
0_Stenhuggarite_298.00_1.01_,4.565890955560753,16.144,16.144,10.706,90.0,90.0,90.0,4.203224535036524,16.59561722438111,16.59561722438111,11.005492938814596,90.0,90.0,90.0
0_Fluorapophyllite-(Na)_298.00_1.01_,2.377844835026041,8.875,8.881,15.79,90.0,90.0,90.0,2.263963501052117,9.021407449850956,9.02750642953514,16.05048153612893,90.0,90.0,90.0
0_Potassic-hastingsite_298.00_1.01_,3.802682544239655,9.9587,18.2524,5.3409,90.0,105.02,90.0,3.404694233641779,10.332597065013454,18.93768209399305,5.541422842793781,90.0,105.02000000000704,90.0
0_Widenmannite_298.00_1.01_,8.540909227900734,9.954,9.3869,8.9597,90.0,90.0,90.0,5.897968606694113,11.26671013378492,10.624822318146151,10.14128418582212,90.0,90.0,90.0
0_Connellite_298.00_1.01_,3.739661413198584,15.78,15.78,9.1,90.0,90.0,120.0,0.0008146300170466,603.3597456790518,603.3597456790555,347.94510048665074,90.0,90.0,120.0
0_Lazurite_298.00_1.01_,4.052753563041281,9.105,9.105,9.105,90.0,90.0,90.0,0.0009593396546061,273.78058212734067,273.78058212734067,273.78058212734067,90.0,90.0,90.0
0_Kutnohorite_298.00_1.01_,3.3931918667451653,9.7594,4.8797,16.367,90.0,90.0,120.0,3.5185237361797075,9.642122382582295,4.821061191291128,16.17031959297971,90.0,90.0,120.0
0_Nyboite_298.00_1.01_,3.119170121237268,9.8425,18.157,5.3381,90.0,103.979,90.0,2.9602764577459384,10.015556750102254,18.4762472859133,5.431957682267687,90.0,103.97899999999484,90.0
0_Insizwaite_298.00_1.01_,13.525369904259549,13.4044,13.4044,13.4044,90.0,90.0,90.0,12.580140405532072,13.732054238216556,13.732054238216556,13.732054238216556,90.0,90.0,90.0
0_Ferriannite-(Cs)_298.00_1.01_,3.621896575073383,10.974,9.506,10.826,90.0,99.83,90.0,3.699291888478841,10.896945090287783,9.439252781873073,10.749984285352122,90.0,99.83000000000476,90.0
0_Omsite_298.00_1.01_,4.7525113881239,5.3506,5.350599999999999,19.5802,90.0,90.0,120.0,0.0010236510648078,214.8581884240022,214.85818842400255,786.2606625387195,90.0,90.0,120.0
0_Imgreite_298.00_1.01_,8.5218809537764,11.871,11.871,10.708,90.0,90.0,120.0,8.273221809897342,11.988762890153676,11.988762890153632,10.814225678356046,90.0,90.0,120.0
0_Eglestonite_298.00_1.01_,8.645718485015811,16.036,16.036,16.036,90.0,90.0,90.0,6.77438966101375,17.400789177423274,17.400789177423274,17.400789177423274,90.0,90.0,90.0
0_Ferroqingheiite_298.00_1.01_,3.769219772092361,11.91,12.383,6.372,90.0,114.43,90.0,3.616487854399644,12.075373464856831,12.554941193561715,6.460476886487533,90.0,114.42999999999871,90.0
0_Crawfordite_298.00_1.01_,3.181097532763606,9.187,10.558,6.707,90.0,90.0,89.98000000000002,2.923310175451699,9.449531046399857,10.859709240001132,6.898661666289703,90.0,90.0,89.97999999999489
0_Pyrite_298.00_1.01_,5.117016532624323,10.76,10.76,10.76,90.0,90.0,90.0,5.039787028901142,10.814685173360584,10.814685173360584,10.814685173360584,90.0,90.0,90.0
0_Masutomilite_298.00_1.01_,2.697084087989626,10.5968,9.1461,10.0966,90.0,100.818,90.0,2.723751428942974,10.56211302439613,9.11616166507143,10.063550351249065,90.0,100.81800000001328,90.0
0_Grandidierite_298.00_1.01_,2.9368516472470803,10.325,10.9575,5.76,90.0,90.0,90.0,2.8188824094855294,10.467076745442162,11.108280236143672,5.839260247336289,90.0,90.0,90.0
0_Gupeiite_298.00_1.01_,7.158347022075139,11.324,11.324,5.662,90.0,90.0,90.0,7.321209988166089,11.239401956050198,11.239401956050198,5.619700978025099,90.0,90.0,90.0
0_Clinobehoite_298.00_1.01_,1.919317795397178,11.02,4.746,8.645999999999999,90.0,98.93999999999998,90.0,1.8665191519593016,11.123011147248,4.790363965956375,8.726819816615766,90.0,98.94000000000212,90.0
0_Topaz-OH_1673.15_140000.00_,6.488302031695044,9.44636,8.9148,5.54552,90.0,90.0,90.0,3.109844017207286,76.31577277027431,72.02137660352226,44.80145201040557,90.0,90.0,90.0
0_Kuznetsovite_298.00_1.01_,8.703160926943223,16.7966,8.3983,8.3983,90.0,90.0,90.0,6.842914360886418,18.20226389862791,9.101131949313954,9.101131949313954,90.0,90.0,90.0
0_Mercallite_298.00_1.01_,2.30667471913814,8.4,9.79,18.93,90.0,90.0,90.0,2.025308526323686,8.77243889427057,10.224068663679589,19.76931765101647,90.0,90.0,90.0
0_Ordonezite_298.00_1.01_,6.674041979706537,9.3276,9.3276,9.263,90.0,90.0,90.0,6.295602601594275,9.510878584628015,9.510878584628015,9.44500925526482,90.0,90.0,90.0
0_Gratonite_298.00_1.01_,6.180968794961634,17.758,17.758,7.807,90.0,90.0,120.0,5.662597443513718,18.28427295497891,18.284272954978817,8.038366874620994,90.0,90.0,120.0
0_Hematolite_298.00_1.01_,3.399151187741861,8.275,8.275,36.6,90.0,90.0,120.0,4.085148825679528,7.783215178779612,7.783215178779505,34.42485505055364,90.0,90.0,120.0
0_Celestine_298.00_1.01_,3.961575595424177,13.74,8.371,10.71,90.0,90.0,90.0,3.716041485428024,14.03621636431651,8.551467771884518,10.940893541617706,90.0,90.0,90.0
0_Bahariyaite_298.00_1.01_,2.7954964271482745,9.0509,11.2762,14.7164,90.0,90.0,90.0,2.4064196561376563,9.514614621089754,11.85392584056082,15.47038135542356,90.0,90.0,90.0
0_Microsommite_293.00_1.01_,4.197318099051436,12.784,12.784,5.346,90.0,90.0,120.0,0.0008392957615609,213309.19565315347,213309.1956531536,89201.42052266566,90.0,90.0,119.99999999999996
0_Pauflerite_298.00_1.01_,3.299115685537552,7.389,12.548,7.0788,90.0,90.0,90.0,3.116918527873356,7.53027051150643,12.787905586464117,7.214139788449367,90.0,90.0,90.0
0_Panichiite_298.00_1.01_,2.394640738650054,10.064,10.064,10.064,90.0,90.0,90.0,1.950346326898324,10.777268253901402,10.777268253901402,10.777268253901402,90.0,90.0,90.0
0_Nasonite_298.00_1.01_,5.628342820683288,10.08,10.08,13.27,90.0,90.0,120.0,5.244260913001702,10.32033915516773,10.32033915516764,13.586398867963842,90.0,90.0,120.0
0_Beudantite_298.00_1.01_,11.26129534531564,7.315,7.314999999999999,17.0355,90.0,90.0,120.0,0.0037293506985001,143.91933193136438,143.91933193136387,335.1657934540965,90.0,90.0,120.0
0_Hundholmenite-(Y)_298.00_1.01_,5.530073109795181,10.675,10.675,27.02,90.0,90.0,120.0,5.000645030953546,11.039202524292204,11.039202524292184,27.941850323782205,90.0,90.0,120.0
0_Coloradoite_298.00_1.01_,8.199817007947145,12.86,12.86,12.86,90.0,90.0,90.0,7.371757950743935,13.324569783229617,13.324569783229617,13.324569783229617,90.0,90.0,90.0
0_Szymanskiite_298.00_1.01_,5.020491785793723,17.3984,17.3984,6.0078,90.0,90.0,120.0,3.8760917781812014,18.96727713613704,18.967277136137167,6.549545221312564,90.0,90.0,120.0
0_Aramayoite_298.00_1.01_,5.882527745833413,15.626,16.536000000000005,8.88,100.31999999999998,104.07,90.18,5.465309196966043,16.014087480687376,16.946688249113425,9.100543762223383,100.32000000000605,104.07000000000596,90.17999999999408
0_Tvalchrelidzeite_298.00_1.01_,7.504997078660461,11.5526,8.7704,15.6373,90.0,91.845,90.0,6.283751988967238,12.25743609932212,9.305491193800158,16.59134787977867,90.0,91.84499999998862,90.0
0_Stilleite_298.00_1.01_,5.266611835109151,11.3352,11.3352,11.3352,90.0,90.0,90.0,5.023182638965972,11.515429439227445,11.515429439227445,11.515429439227445,90.0,90.0,90.0
0_Freieslebenite_298.00_1.01_,6.182861490610755,15.06,12.79,11.9,90.0,92.23000000000002,90.0,5.354456125510633,15.800024690660424,13.41848046437896,12.484747265528505,90.0,92.22999999999456,90.0
0_Rhodostannite_298.00_1.01_,5.171709369678363,14.61,7.305,10.33,90.0,90.0,90.0,4.594047530050469,15.198391221051638,7.599195610525819,10.746021992708128,90.0,90.0,90.0
0_Parsettensite_298.00_1.01_,2.7065095731063,39.1,22.84,17.95,90.0,135.59999999999997,90.0,0.0114700772163968,4126.7502323013705,2410.6131791755224,1894.5055414273563,90.0,135.59999999998732,90.0
0_Gravegliaite_298.00_1.01_,2.387913894808976,9.763,5.635,9.558,90.0,90.0,90.0,2.2906790586973957,9.899283194495064,5.7136598177793445,9.691421568471146,90.0,90.0,90.0
0_Lotharmeyerite_298.00_1.01_,4.284849790676854,9.0727,12.506,7.415,90.0,116.739,90.0,3.9296628524167128,9.338231828289889,12.872014642233612,7.63201571822824,90.0,116.7389999999954,90.0
0_Barite_298.00_1.01_,4.469387403828609,8.884,10.916,14.306,90.0,90.0,90.0,4.176768262679455,9.086817727983458,11.165207374906222,14.632599551613046,90.0,90.0,90.0
0_Natromolybdite_298.00_1.01_,2.5912805955528744,8.478,10.579,13.83,90.0,90.0,90.0,2.4326522046386096,8.658446027849102,10.80416378020951,14.12435816998746,90.0,90.0,90.0
0_Atacamite_298.00_1.01_,3.725978060782352,12.02,9.13,13.68,90.0,90.0,90.0,4.074421842656547,11.667693906432392,8.862399780842622,13.27903932113104,90.0,90.0,90.0
0_Weissbergite_298.00_1.01_,6.076174625944788,12.246,12.586,11.837999999999996,101.34,98.39,103.21,5.316250070696188,12.803925101557269,13.159415427747888,12.37733671012862,101.3400000000108,98.3900000000101,103.21000000000896
0_Safflorite_298.00_1.01_,7.432064215205923,10.1338,11.7478,9.4038,90.0,90.0,90.0,7.281821729254132,10.2030233056095,11.828048430957898,9.468036724751997,90.0,90.0,90.0
0_Tisinalite_298.00_1.01_,3.030317258036487,10.036,10.035999999999998,12.876,90.0,90.0,120.0,2.9270362101241623,10.152701350729298,10.152701350729323,13.025725646870365,90.0,90.0,120.0
0_Jahnsite-(NaMnMg)_298.00_1.01_,2.639535547945924,15.1045,7.1629,9.8949,90.0,110.64,90.0,2.522354325553244,15.334933382242165,7.27217678994096,10.045856024625026,90.0,110.64000000001052,90.0
0_Freudenbergite_298.00_1.01_,3.915016592172565,12.267,7.646,6.483,90.0,107.15999999999998,90.0,3.7797393073193786,12.411643578701964,7.736156093809096,6.559442840199371,90.0,107.15999999998968,90.0
0_Vavrinite_298.00_1.01_,7.911291708153265,11.727,7.818,15.682,90.0,90.0,120.0,7.603018598722005,11.883407924512046,7.92227194967471,15.89115742067006,90.0,90.0,120.0
0_Clinoptilolite-K_298.00_1.01_,2.4664386844810147,17.619,17.503,7.370999999999999,90.0,116.71,90.0,2.354149212261944,17.894883969729158,17.77706760441396,7.486417489123858,90.0,116.71000000000444,90.0
0_Cryolithionite_298.00_1.01_,2.7723472211599747,12.122,12.122,12.122,90.0,90.0,90.0,2.5672215618075365,12.436653013461084,12.436653013461084,12.436653013461084,90.0,90.0,90.0
0_Ungemachite_298.00_1.01_,2.2589496623558305,10.898,10.898,24.989,90.0,90.0,120.0,2.118375867841498,11.13395111529773,11.13395111529775,25.530033439179228,90.0,90.0,120.0
0_Oxygen_298.00_1.01_,2.5492365519130664,8.4302,8.8701,13.3794,90.0,90.0,90.0,0.4479049655362278,15.75464789593884,16.576748155651067,25.00388318888344,90.0,90.0,90.0
0_Tugtupite_293.15_1.01_,2.3451849287184228,17.28,8.64,8.873,90.0,90.0,90.0,2.2443535296723205,17.53502008709108,8.76751004354554,9.003948682451385,90.0,90.0,90.0
0_Abswurmbachite_298.00_1.01_,4.89525430165628,9.406,9.406,18.546,90.0,90.0,90.0,4.508067565826703,9.667930923864958,9.667930923864958,19.062454487986205,90.0,90.0,90.0
0_Skutterudite_298.00_1.01_,6.847758768986336,16.39,8.195,8.195,90.0,90.0,90.0,6.612740521019367,16.581915337992815,8.290957668996407,8.290957668996407,90.0,90.0,90.0
0_Alabandite_298.00_0.00_,4.052139393095682,10.449,10.449,10.449,90.0,90.0,90.0,4.2390887464637,10.293085393250818,10.293085393250818,10.293085393250818,90.0,90.0,90.0
